From Bus,To Bus,Active Power [MW]
1,2,785.7055726623001
2,1,-723.6846222353039
2,3,316.46492466549466
3,2,-304.6047552484354
