From Bus,To Bus,Active Power [MW]
1,2,386.4332522700629
2,1,-379.38783180391925
2,3,153.46247027821667
3,2,-152.30969543331543
