Bus,Voltage Magnitudes
1,1.0
2,0.9817680791578984
3,0.9743932627410349
