AC BUSNAME,From AC-Grid Bus,To HVDC-Grid Bus,DC Grid Number,Control mode,Reactive control mode,Vac schedule,Power factor,MW into AC Grid,Mvar into AC Grid,MW into HVDC Grid,Mbase,P_ref (MW),V_ref (pu),Kdroop,Icmax (pu),PQ priority,kPQ
Bus 1,1,1,1,1,1,1.04887,0.0,-392.87578131336284,49.94505310058594,386.43325227006386,500,-400,1,0.0,1,1,0.95
Bus 15,15,2,1,1,1,1.014713,0.0,222.65211873684757,-29.332563400268555,-225.9261817132693,300,250,1,0.2,1,1,0.95
Bus 24,24,3,1,1,1,1.037811,0.0,149.99999231797884,-7.783032417297363,-152.31087174239144,300,150,1,1000000.0,1,1,0.95
