AC BUSNAME,From AC-Grid Bus,To HVDC-Grid Bus,DC Grid Number,Control mode,Reactive control mode,Vac schedule,Power factor,MW into AC Grid,Mvar into AC Grid,MW into HVDC Grid,Mbase,P_ref (MW),V_ref (pu),Kdroop,Icmax (pu),PQ priority,kPQ
Bus 1,1,1,1,1,1,1.04887,0.0,-399.53079193792433,70.088505745,392.85278633115,500,-400,1.05,0.0,1,1,0.95
Bus 15,15,2,1,1,1,1.014713,0.0,200.6748070507785,-8.33401084,-203.61368194855228,300,250,1.0,0.2,1,1,0.95
Bus 24,24,3,1,1,1,1.037811,0.0,149.99997926156115,-0.401213905,-152.30891366905922,300,150,1.0,1000000.0,1,1,0.95
