Bus,Voltage Magnitudes
1,1.05
2,0.9671165380338523
3,0.930871870479477
